{
  "bgr": 0.9208420520005404,
  "box": 0.13931458150180767,
  "cls": 1.993923265105843,
  "copy_paste": 0.5417067742411378,
  "data": "/mnt/d/dacon/open/",
  "degrees": 37.89228180845384,
  "fliplr": 0.36736052858679247,
  "flipud": 0.036898574279843444,
  "hsv_h": 0.06750245031863301,
  "hsv_s": 0.36983510096729594,
  "hsv_v": 0.7468395003571588,
  "lr0": 0.031589101598865736,
  "lrf": 0.028844164674596377,
  "mixup": 0.04921599692091616,
  "momentum": 0.819523849916282,
  "mosaic": 0.869669990702922,
  "perspective": 0.0005205396595902512,
  "scale": 0.8671904221371972,
  "shear": 2.6079172147605734,
  "translate": 0.19900713277817683,
  "warmup_epochs": 1.9728696932437806,
  "warmup_momentum": 0.9157135371320021,
  "weight_decay": 0.00020621063803196883
}