{
  "bgr": 0.554650744948261,
  "box": 0.03874561038701885,
  "cls": 2.9435643920838883,
  "copy_paste": 0.8383361984139049,
  "data": "/mnt/d/dacon/open/",
  "degrees": 38.27639177338936,
  "fliplr": 0.6852105566938318,
  "flipud": 0.8293197276236547,
  "hsv_h": 0.05079779778767705,
  "hsv_s": 0.11771897675601968,
  "hsv_v": 0.4939075838939244,
  "lr0": 0.02145264726979644,
  "lrf": 0.3207600729631463,
  "mixup": 0.5720170500164166,
  "momentum": 0.9606707030288459,
  "mosaic": 0.756358531935498,
  "perspective": 0.0003950048889905633,
  "scale": 0.7789964228213685,
  "shear": 5.034365839735426,
  "translate": 0.43830741863794465,
  "warmup_epochs": 0.09839789371762275,
  "warmup_momentum": 0.6696432843664483,
  "weight_decay": 0.0008761410269040414
}